#,Tracker,Status,Priority,Subject,Assignee,Updated
25595,??????,?????,??????????,"??????? ?? ??????????? ??-?? ?????????? ????????? ????????? ?????? ? ??????? ""????? ?? ???????"" ?? ??????",??????  ?????,07/16/2025 11:48 AM
25594,??????,?????,???????,"????? ?? ???????????? ??-?? ?????????? ?????????? ?????????? Google Maps ? ????? ""?????? ?????????"" ?? ???????? ""????????"" ?? ??????",??????  ?????,07/16/2025 11:36 AM
25593,??????,?????,??????????,"??????? ?? ??????????? ??-?? ?????????? ???????? ??? ????? URL ? ????? ""??????? ????"" ?? ??????",??????  ?????,07/16/2025 11:27 AM
25592,??????,?????,??????,"????? ?? ??????????????? ??-?? ??????????? ??????????? ? ????? ""?????????? ???? ????????????????"" ?? ???????? ""??? ? ??????????? ????"" ????? ?????? ?????? ""?????"" ? ??????",??????  ?????,07/16/2025 11:21 AM
25591,??????,?????,??????????,"??????????? ???? ? ???????? ?????? ""??? Boker Applegate-Fairbairn Combat II» ? ??????? ""?????""",Svitlana Kovalova,07/09/2025 09:49 PM
25590,??????,?????,??????????,"???????????????? ""??????????"" ?? ????????? ""?? ?????????"" ???????? ???????????",Svitlana Kovalova,07/09/2025 09:41 PM
25589,??????,?????,??????????,"??????????? ??????????? ????? ""????? ????????????"" ?? ?????? ""????????? ????????????? Retay 2022 Sporter Green ???. 22 LR 51 ??"" ? ??????? ""?????""",Svitlana Kovalova,07/09/2025 08:55 PM
25588,??????,?????,??????????,"???????????????? ""??????????"" ?? ????????? ""???????"" ? ??????? ""???????????"" ???????? ???????????",Svitlana Kovalova,07/09/2025 08:00 PM
25587,??????,?????,??????,"???????? ?????? ""????? Wutschka ??? ??????"" ?? ????????????? ????????? UA ???????????",Svitlana Kovalova,07/09/2025 08:03 PM
25586,??????,?????,??????????,"????? ""?????? Wutschka Safari ??? ?????"" ???????????? ? ???????? ????????? ???????",Svitlana Kovalova,07/09/2025 06:51 PM
25585,??????,?????,??????,"???? ???????? ????????? ??????? ? ??????? ""????????"", ?? ????????????? ????????? RU ???????????",Svitlana Kovalova,07/09/2025 08:03 PM
25584,??????,?????,??????,"???? ?????? ""??????????? ??????: ??????? ???? Kanetsune"" ? ????????? ????? ?? ????????????? ????????? RU ???????????",Svitlana Kovalova,07/09/2025 05:49 PM
25583,??????,?????,??????????,"?????? ??????????? ??? ???????? ""????????????????? ??????????"" ? ?????? ????? ? ??????? ???????????",Svitlana Kovalova,07/09/2025 05:24 PM
25582,??????,?????,???????,"??????????? ???? ? ???????? ?????? ""???? ????????? Blaser R8 Ultimate Silence Dark Brown"" ? ??????? ""?????""",Svitlana Kovalova,07/09/2025 08:37 PM
25581,??????,?????,???????,"???????? ?????????? ?????? «????? ????? ???? 12.7 ?? ""?????""»",???????? ???????,07/08/2025 02:43 PM
25580,??????,?????,??????????,????? ?????????????? ??????????? ????? ??? ??????? ?????????? ??????????? ?? ???????? ???????? ?????,???????? ???????,07/08/2025 02:33 PM
25579,??????,?????,??????????,???? ?????? ?? ?????????? ???? ??????? ???????????? (UA)  ? ??????? «?? ?????? ??????? ????????» ,???????? ???????,07/07/2025 09:51 PM
25578,??????,?????,??????????,"???? ??????  (UA) ""OPINEL"" ?? ???????"" ?? ?????????? ??????? ??????????? (RU)",???????? ???????,07/07/2025 09:44 PM
25577,??????,?????,???????,"[Rare] H? ?????????????? ??????? ???????? (?????, ?????)  ?? ???????? ???????? ????? ????? ???????. ? Chrome DevTools ?????????????? ??????? 401",???????? ???????,07/07/2025 09:29 PM
25576,??????,?????,???????,"???????? ?????????? ?????? ???????? ?????????? ?. ?. ??? ""?????"" ? ?????????? ? ??????",???????? ???????,07/07/2025 09:22 PM
25575,??????,?????,??????????,???????? ???? ?? ???????? «?? ?????? ??????? ????????» ? ??????? «??????? ?? ?????????» ?????????????? ???????? ??????? ???????????? ????,???????? ???????,07/07/2025 09:19 PM
25574,??????,?????,??????????,???????? ???? ?? ???????? «?? ?????? ????????? ????????» ? ??????? «??????? ?? ?????????» ?????????????? ???????? ??????? ???????????? ????.,???????? ???????,07/07/2025 09:16 PM
25573,??????,?????,??????????,"?????????????? ?????????? ????? ?  ??????????? ???????????  ????? ?????? «????? ?????????????? ????????? ???-3 ""?????? ???"" (?????)»",???????? ???????,07/07/2025 09:12 PM
25572,??????,?????,??????????,?????????? ??????? ?? ?????????? ??????? «??? ??????? ?? ???????» ?????? ????? «??????????» ???? «???????»,???????? ???????,07/07/2025 09:03 PM
25571,??????,?????,??????,"?? ?????????????? ?????????? ? ????? ?? ?????? ? ??????? ""??????? ?? ?????????"" ",Iryna Vasyliv,07/07/2025 08:32 PM
25560,??????,?????,??????,"???????? ?????????? ???? ???? ?????? ? ???????  ""??????"" , ??????? ""????? ?? ???????"".",Iryna Vasyliv,07/08/2025 04:24 PM
25559,??????,?????,??????????,????? ???????? ??????? ?????????????? ??????????? ????? ? ?????????? ??????????? ????? ?? ???????? ???????? .,Iryna Vasyliv,07/08/2025 04:28 PM
25558,??????,?????,??????,"?????????? ?????? ????????? ??????????? ?  ??????? ""????????? ??????????.",Iryna Vasyliv,07/04/2025 01:48 PM
25557,??????,?????,??????????,?????????????? ????? ??????????? ????? ?? ????????????? ???????? ? ??????? «????????? ??????????» .,Iryna Vasyliv,07/04/2025 01:03 PM
25556,??????,?????,??????,"???????? ?????????? ??????, ? ???? ""???????? ???????????? Optima Sortie PCP 4,5 ??"" ? ??????? ""?????""",Iryna Vasyliv,07/07/2025 08:33 PM
25555,??????,?????,??????????," ??????????? ????????? ????? "" ????????????"" ? ??????????? ??????????? ????? ??? ????? ?????? ""??????? Browning Auto 5 ???. 12/70""  ",Iryna Vasyliv,07/08/2025 04:31 PM
25554,??????,?????,??????,"????????? ????????? ??????? ??? ?????????? ?????? ?? ????? ? ??????? ""?????""",Iryna Vasyliv,07/08/2025 04:32 PM
25553,??????,?????,??????????,"???? ???????? ?? ?????????? ??????? ???? ""RU"" ?? ???????? ???????? ?????.",Iryna Vasyliv,07/08/2025 04:35 PM
25552,??????,?????,??????????,"???? ???????? ?? ?????????? ??????? ???? ""RU"" ?? ???????? ???????? ?????.",Iryna Vasyliv,07/08/2025 04:36 PM
25551,??????,?????,???????,??????? ?????????????????? ???????? ??-?? ??????????????????? JavaScript ? ?????????? ?? ???? ???????? ?????,??????  ?????,07/03/2025 05:38 PM
25550,??????,?????,??????????,"?????? ?? ???????? ???????? ??-?? ?????????? ??????????? ?? ???????? ""????? ??????"" ?? ???????? ?? ?????? ""????? ?? ???????""",??????  ?????,07/03/2025 04:46 PM
25549,??????,?????,???????,"??????????? ??????????? ?????? ""???????? ??????-???????? ZIPP Toys ?????????? ????. ????? - ????????""",Telipko Anastasiia,07/03/2025 03:50 PM
25548,??????,?????,???????,"??????????? ??????????? ?????? ""??????? ??????-???????? ZIPP Toys HK MP7 ??????""",Telipko Anastasiia,07/03/2025 03:47 PM
25547,??????,?????,??????????,"?? ??????????? ?????? ??????? ??? ???????????? ????????? ??-?? ???? ?????????? ? ????? ""??????? ??????"" ?? ??????? ???????? ? ????????? ""???????""",??????  ?????,07/03/2025 04:46 PM
25546,??????,?????,??????????,"????????? RU ??????????? ? ??????? ""???????? ??????????""",Telipko Anastasiia,07/03/2025 03:39 PM
25545,??????,?????,??????????,"??????????? RU ??????????? ? ??????? ""??????? ? ??????""",Telipko Anastasiia,07/03/2025 03:34 PM
25544,??????,?????,??????????,"??????????? RU ??????????? ? ??????? ""???????????????? ??????????""",Telipko Anastasiia,07/03/2025 03:29 PM
25543,??????,?????,??????????,"????????? RU ??????????? ? ??????? ""????????""",Telipko Anastasiia,07/03/2025 03:25 PM
25542,??????,?????,??????????,"??????????? RU ??????????? ? ??????? ""????????? ??????""",Telipko Anastasiia,07/03/2025 03:21 PM
25541,??????,?????,??????,"??????????? ??????????? ???????? ?????? ""???? (?????????) Technoline WS8013 Silver ??? ?????? 47273"" ? ?????????? ?????? ? ??????? ""?????????""",????? ??????,07/02/2025 07:33 PM
25540,??????,?????,??????,"??????????????? ?????? ? ?????""????????""  ? ???????? ?????? ""???????? Select Ritmix Travel 806M-T 2.44m 5-25g Fast (6 ????.),??? ?????? 18707882 ? ??????? ""??????????""",????? ??????,07/02/2025 07:30 PM
25539,??????,?????,??????,"?????????????? ??????  ""???????? ?????? Brain Champ Pole 400, ??? ?????? 18585516"" ??? ?????????? ?? ""???? ???????""? ??????? ""??????????""",????? ??????,07/02/2025 07:24 PM
25538,??????,?????,??????????,"?????????????? ??????  ""?????? Turbat Trek Pro Mns XXXL Cheddar Orange,??? ?????? 12272132"" ??? ?????????? ?? ????? ? ??????? ""???? ?? ??????""",????? ??????,07/02/2025 07:21 PM
25537,??????,?????,???????,"??????????? ??????????? ?? ???????? ?????? ""????????? Wutschka"" ??? ??????: 16760981 (???? 13300 ???)  ? ??????? ""?????????""",????? ??????,07/02/2025 07:37 PM
25536,??????,?????,??????,"??????????? ??????????? ? ???????? ?????? ""?????????? Gurza Kutsay Snap AC L (9??/??) ??? ??????: 65430101"" ? ?????????? ?????? ? ??????? ""??????????""",????? ??????,07/02/2025 07:15 PM
25535,??????,?????,???????,?? ????? ??????????? ?????? ?????????? ????????? ? ?.?????? ? ??????? ????????,????? ??????,07/02/2025 07:11 PM
25534,??????,?????,???????,"??????????? ??????????????? ????? ? ????? ""???????? ? ????????: ??????? ???????? ????. ??????????""? ??????? ""????? ?? ???????""",????? ??????,07/02/2025 07:34 PM
25533,??????,?????,??????,"??????????? ??????????? ? ""?????"" ""?????? 20% ?? ?????? ?????? Bushnell"" ? ??????? ""????? ?? ???????""",????? ??????,07/02/2025 07:06 PM
25532,??????,?????,??????,"??????????? ?????? ""????? ?????????????"" ? ??????????????? ?? ??????? ???????? ?????? ""????? Hatsan BTS 12 ???. 12/76 56 ??. Black"" ??? ??????: 14480671  ? ??????? ""??????""",????? ??????,07/02/2025 07:00 PM
25232,??????,?????,??????????,?????????? ????????????? ??????? ????? ? ????? ?????????? ???????????,"",05/14/2025 07:17 PM
24959,??????,?????,??????????,???????2 ?? ???????????? ??? ???????? ??????????? ? ??????,??????  ?????,02/14/2025 11:41 AM
24958,??????,?????,??????????,"?????????? ?????? ? ???????????? ???????? ? ??????????? (FR, MD, UA)",??????  ?????,02/14/2025 11:36 AM
24957,??????,?????,??????????,"?????? ""Search"" ????????? ????? ????? ?????? ? ???? ??????",??????  ?????,02/14/2025 11:31 AM
24956,??????,?????,??????????,???????????? ??? ???????????? ?????????? ID ???????,??????  ?????,02/14/2025 11:28 AM
24955,??????,?????,???????,"?????? ""??????"" ?? ????????? ????? ??? ???????",??????  ?????,02/14/2025 11:25 AM
24948,??????,???????? ?????,??????,"?????? ""???????? ?? 20 ???????"" ? ??????? ""??????"", ???????????? ""??? ??????"" ????? ???? 12 ??????? ??????? ?????????? 20. ",Uliana Shtefanovych,02/14/2025 06:44 AM
24945,??????,?????,??????,?????????? ???????? ????? ? ????????? ???????,Vadym Prochnyi,02/13/2025 09:18 AM
24943,??????,???????? ?????,??????????,"??????? ????????? ? ?????? ""????- ??????????"" ?? ""??????????????""?",Tatiana Yegorova-Hudkova,02/14/2025 03:32 AM
24942,??????,???????? ?????,??????????,??????? ?????????? ???? ???? ??? ?????????? ?????? «4 ????????» ????????????? ????????????????? ?????? 3-?  ?? ?????? «?? ???????? ??????????? ????? Google ?? ??? ????????».,Tatiana Yegorova-Hudkova,02/14/2025 03:03 AM
24941,??????,???????? ?????,??????,"??????? ?????????: ??????????????: «?????????????????» «??» - ????????? «???».????? ??????? ?????? Solidline SH5, 350/220/100/20, ??????? ",Tatiana Yegorova-Hudkova,02/14/2025 01:54 AM
24940,??????,???????? ?????,??????,https://stvol.ua/,Tatiana Yegorova-Hudkova,02/14/2025 02:52 AM
24938,??????,???????? ?????,??????????,??????? ?????????: ??????????????: «?????????????????» «??» - ????????? «???».????? ???????????: «?????» -«????????? «?????». Steps:,Tatiana Yegorova-Hudkova,02/14/2025 02:07 AM
24900,??????,?????,??????????,https://qwertyshop.ua/ ????????,Tatiana Yegorova-Hudkova,02/12/2025 07:35 AM
24899,??????,?????,??????????,https://qwertyshop.ua/ ????????,Tatiana Yegorova-Hudkova,02/12/2025 07:34 AM
24898,??????,?????,???????,https://qwertyshop.ua/ ?????????,Tatiana Yegorova-Hudkova,02/12/2025 07:33 AM
24897,??????,?????,??????????,https://qwertyshop.ua/ ?????????,Tatiana Yegorova-Hudkova,02/12/2025 07:31 AM
24896,??????,?????,???????,https://qwertyshop.ua/ ?????????,Tatiana Yegorova-Hudkova,02/12/2025 07:28 AM
24895,??????,?????,??????????,https://qwertyshop.ua/ ????????,Tatiana Yegorova-Hudkova,02/12/2025 07:25 AM
24892,??????,???????? ?????,??????????,???????? ????????? ?????? ? ????? ??? ???????????? ?????? ????? ?????? ??????????? ????????? ,Vadym Prochnyi,02/13/2025 08:01 PM
24891,??????,???????? ?????,??????????,???????? ????????? ?????? ?? ?????????? ? ??????????????? ???? ??? ????????? ?????? ?????? ??????,Vadym Prochnyi,02/13/2025 08:19 PM
24887,??????,?????,??????????,?????????? ??????????? ??????????? ? ????? ?????????? ?????? ?????,????? ???????,02/12/2025 12:53 AM
24885,??????,?????,??????????,?????,Tatyana Kryachun,02/12/2025 12:32 AM
24884,??????,?????,??????????,?????,Tatyana Kryachun,02/12/2025 12:22 AM
24882,??????,?????,??????????,?????,Tatyana Kryachun,02/11/2025 11:57 PM
24881,??????,?????,??????????,?????,Tatyana Kryachun,02/11/2025 11:54 PM
24880,??????,?????,??????????,?????,Tatyana Kryachun,02/11/2025 11:50 PM
24879,??????,?????,??????????,?????,Tatyana Kryachun,02/11/2025 11:38 PM
24827,??????,???????? ?????,??????????,"?????? ""????????? ??'????"" ????????? ???????? ? ??????????? ??? ????? cookie  ? ?????? ????????",Tatyana Kryachun,02/11/2025 01:16 PM
24826,??????,???????? ?????,??????,"?????? ""??????""  ????????? ???????? ? ??????????? ??? ????? cookie ? ?????? ????? ???????",Tatyana Kryachun,02/11/2025 01:13 PM
24824,??????,???????? ?????,??????,"?????? ""????"" ?? ??????????? ? ??????? ""??????"" ? ??????",Tatyana Kryachun,02/11/2025 01:00 PM
24823,??????,?????,??????,"?????? ""????"" ?? ??????????? ? ??????? ""??????"" ? ??????",Tatyana Kryachun,02/11/2025 10:03 AM
24807,??????,? ??????,??????????,?????? ??? ???????? ?????? ? ?????? ???????? ? ??????? ???? ????? Stvol ? ?????????????,Vadym Prochnyi,02/11/2025 10:49 PM
24806,??????,? ??????,??????,? ??????????? ??????????? ??? ?????????? ?????? ?GUNS? ???????????? ????? ?? ??????????,Vadym Prochnyi,02/13/2025 11:22 PM
24805,??????,???????? ?????,??????????,"??? ?????????? ?????? ?????????  ""Viber"" ,???????  ""Viber"" ? ??????? ""??????? ???????"" ?? ?????????????",????? ??????,02/11/2025 06:48 PM
24681,??????,?????,??????????,"??? ?????? ?????? ????? ????? ?????? ??????? ????? ?????????? ?? ????????? ?????? ???? ? ??????, ? ?? ?? ?????? ?????? ?? ??????, ???????? ? ????????? ?????.",Nadiia Panasiuk,02/08/2025 10:36 PM
24679,??????,?????,??????,"????????? ????????????? ?? ????????????? ??????? ? ?????? ????????????? ?????????? ???????????? ""????????? ????-?????! ??????? ???????? ?????????? ??? ???."" ? ??????? ??????????? ??'????.",Nadiia Panasiuk,02/08/2025 09:19 PM
24677,??????,?????,??????????,"??? ???????? ""????????"" ???? ????????? ??? ?????? ????? ? e mail ",Dariia Kyselova,02/08/2025 01:56 PM
24676,??????,?????,??????????,?? ??????? ???????? ????? ??? ???????????? ???? ?????? ???? ????? ,Dariia Kyselova,02/08/2025 01:51 PM
24675,??????,?????,??????????,"?? ??????? ???????? ????? ??? ???? ""??? ??????""  ??????? ??????? ",Dariia Kyselova,02/08/2025 01:44 PM
24674,??????,?????,??????????,?? ??????? ???????? ????? ?????? ??  Viber ?? ????????????? ,Dariia Kyselova,02/08/2025 01:38 PM
24673,??????,?????,??????????,"? ??????? ""????????? ?? ????""?????? ????, ??? ?????? ??????? ",Dariia Kyselova,02/08/2025 01:31 PM
24664,??????,?????,??????,"?????? ?????????  ""????????"" (>) ? ""???????"" (>|) ??????????? ?? ? ?????? ????? ? ???????? ????????, ? ??????? ????.",Nadiia Panasiuk,02/08/2025 07:22 AM
24663,??????,?????,??????????,https://smart-shop.ua,Tatiana Yegorova-Hudkova,02/08/2025 03:55 AM
24662,??????,?????,??????????,https://smart-shop.ua,Tatiana Yegorova-Hudkova,02/08/2025 03:54 AM
24661,??????,?????,??????????,https://smart-shop.ua,Tatiana Yegorova-Hudkova,02/08/2025 03:51 AM
24660,??????,?????,??????????,https://smart-shop.ua,Tatiana Yegorova-Hudkova,02/08/2025 03:49 AM
24659,??????,?????,??????????,https://smart-shop.ua,Tatiana Yegorova-Hudkova,02/08/2025 03:44 AM
24658,??????,?????,??????????,https://smart-shop.ua,Tatiana Yegorova-Hudkova,02/08/2025 03:40 AM
24657,??????,?????,??????????,"??????????? ??? ?? ??????? ??? ?????? ????? ???????????? ?????? ""???????"" (?? ????? ???????? ?? ?? ???????? ????? ?????????????? ?????-???????, ?? ??????????? ?? ???????? ???????? ?????)",Nadiia Panasiuk,02/08/2025 12:49 AM
24656,??????,?????,??????,"??????????? ????? ""?????? ?????? ????????"" ? ??????? ?????????? ???????.",Nadiia Panasiuk,02/08/2025 12:07 AM
24655,??????,?????,??????????,??????? ?????????? ?????? ?????? ???????? ? ??????? ?????????? ???????.,Nadiia Panasiuk,02/07/2025 11:57 PM
24654,??????,?????,???????,????????? ???? ??????,Telipko Anastasiia,02/07/2025 11:01 PM
24653,??????,?????,??????,"?? ??????? ???????? ? ????? ""????????? ??????? ? ????? ?????? ?????? ????????!"" ?? ???????? ?????? ?? Viber",Uliana Shtefanovych,02/07/2025 10:48 PM
24652,??????,?????,??????,"??????????? ??????? ?????? ""???????? ???????"" ? ""?? ?? ??'???? ?? ?????? ?????????!"" ? ??????? ??????????? ?????",Uliana Shtefanovych,02/07/2025 10:44 PM
24651,??????,?????,??????,"?? ??????? ???????? ?????? ""???????????"" ????????????? ?????? Cookie ?????? ???????? ??? ??????????",Uliana Shtefanovych,02/07/2025 10:41 PM
24650,??????,?????,??????????,"????????? ?? ?????? ""????? ?????? ?????? ???? ?? 25 ?? 1000 ????????!"" ?????????? ??????? ? ?????? ""???????? ?????""",Uliana Shtefanovych,02/07/2025 10:38 PM
24649,??????,?????,??????,"???? ? ??""??? ?? ????? ??????????????",Telipko Anastasiia,02/07/2025 10:21 PM
24648,??????,?????,??????,"??? ????? ?? ?????? ""Viber"" ?? ??????? ???????? ? ????? ?????? ???? ?????? ?? ??????????",Uliana Shtefanovych,02/07/2025 10:18 PM
24647,??????,?????,??????,"??? ???????? ?? ?????? ""??????? ??????"" ??????????? ????? ???????? ? ??????? ?? ?????????? ",Uliana Shtefanovych,02/07/2025 09:55 PM
24646,??????,?????,??????????,????????,?????? ??????,02/07/2025 08:47 PM
24645,??????,?????,??????????,"???????? ""????? ?????????"" ?? ?????",??????  ?????,02/07/2025 08:45 PM
24644,??????,?????,??????????,"?????????????? ??????? 403 ?? ?????????? ""????????? ??????"" ?? ???????? ""??????????""",Vadym Prochnyi,02/07/2025 08:44 PM
24643,??????,?????,??????????,????????? ????? ??????????????.,?????? ??????,02/07/2025 08:40 PM
24641,??????,?????,??????????,???? ?????????? ?? ? ??? ????? ??? ???????????,????? ???????,02/07/2025 08:37 PM
24640,??????,?????,??????????,"?? ???????? ""???????? COVID-19"" ?? ???????? ?????? ""?????????? ??????""",Iryna Vasyliv,02/07/2025 08:35 PM
24639,??????,?????,??????????,??? ?????????? «??????» ? ??? ???????? ?? ?????????? ???? «?? ???? ???? ???????? ??? ?? ?????»,Dariia Kyselova,02/07/2025 08:30 PM
24636,??????,?????,??????????,???? ?????????? ?? ? ??? ????? ??? ???????????,????? ???????,02/07/2025 08:23 PM
24633,??????,???????? ?????,??????????,???? ?????????? ?? ? ??? ????? ??? ???????????,Vadym Prochnyi,02/07/2025 08:50 PM
24631,??????,?????,???????,?? ?????? ????????? ???? ?????? ???????? ??? ?????? ??????????? ???? ,Nadiia Panasiuk,02/07/2025 08:13 PM
24629,??????,?????,??????,"??????????>?????????????? ??? ???????,?????????? ?? ????????????",????? ???????,02/07/2025 08:39 PM
24628,??????,???????? ?????,??????????,"?????? ?  ???????? ??????? ? ??? ?????? "" ???? ????????"" ??? ????????? ""?????????? ????????????? ?????????????? ?????""  ",Dariia Kyselova,02/07/2025 08:44 PM
24627,??????,?????,???????,"?? ??????????? ????????? ""???????????? ???????????"" ?? ???????? ????????",Vadym Prochnyi,02/07/2025 08:28 PM
24625,??????,?????,??????,"?? ?????????? ??????? ????? ""???????????"" ?? ??????? ????????",????? ??????,02/07/2025 09:16 PM
24624,??????,?????,???????,??????????>???????? COVID-19>????????? ?????? ?? ????????? ??????????,????? ???????,02/07/2025 08:08 PM
24623,??????,?????,???????,"?????? ????????? ""?????????? ???????????? ? ???????????""",Olha Yelizova,02/07/2025 08:34 PM
24621,??????,?????,???????,"??? ???????????i ?? ????. ???? ?? ?i???????????? ""??????"". ???i??? ??? ?i?? ????",????? ??????,02/07/2025 08:34 PM
24620,??????,?????,??????????,"??? ????? ??????????? ?? ""English"" ????????? ?????????????? ??????? ????",Uliana Shtefanovych,02/07/2025 08:38 PM
24618,??????,???????? ?????,???????,???????????  ????????? ? ??????????? ? ?????? ???????? ???????? ??????????? ?????,Lubov Berozkina,02/07/2025 08:32 PM
24617,??????,?????,??????????,"??????????? ?????? ????? ""??????? ????? ???"" ",????? ??????,02/08/2025 09:30 PM
24616,??????,???????? ?????,??????,???????????? ????????? ??? ?????????????? ?????????. ????????? ??????????????? ? ????????????.,??????  ?????,02/07/2025 08:20 PM
24615,??????,?????,??????????,"??? ???????????? ?? ????.????,?? ??????? ???????? ? ????? ????? ????????? ???? ? ???????",????? ???????,02/07/2025 08:09 PM
24614,??????,???????? ?????,???????,"??? ?????? ??????????? ???????????? ?????? ?????? ""??????"" (????? ?? ????)",Nadiia Panasiuk,02/07/2025 08:59 PM
24595,??????,?????,??????????,"??????????? ???????? ?? ???? ????????? ???????, ???? ""????????"" ? ??????????????? ???? ????? ?????.",Nadiia Panasiuk,02/07/2025 11:41 AM
24594,??????,?????,??????????,"???????? ""?????????? ??????"" ?? ??????? ????? ?????????? ??????",??????  ?????,02/07/2025 10:48 AM
24586,??????,?????,??????????,"???? ?????? ?????????? ????? ?? ????????????? ?????? ????? ? ???????????? ""???????"", ????????? ""????? ?????""",Tatyana Kryachun,02/07/2025 01:58 AM
24585,??????,?????,??????????,?????????? ???????? ?????????? ??????? ???????,Vadym Prochnyi,02/07/2025 01:43 AM
24584,??????,?????,??????????,"???????? ""?????????? ??????"" ? ???????? ????  ?? ????????",Tatyana Kryachun,02/07/2025 01:36 AM
24583,??????,?????,???????,???????? ? ???????,Vadym Prochnyi,02/07/2025 01:30 AM
24582,??????,?????,??????,??????? ????? ??????????? ?? ?????????,Vadym Prochnyi,02/07/2025 01:12 AM
24581,??????,?????,??????,"????????? ?? ???????? ??????? VISA ??????????? ? ??????? ""?? ? ??????????"" ? ?????? ?????",Tatyana Kryachun,02/07/2025 12:53 AM
24580,??????,?????,??????,"?????? ""??????"" ? ?????? ????? ???????? ????????? ?????????? ???????? ""???????? ????????? ??????? ????????????""",Tatyana Kryachun,02/07/2025 12:00 AM
24579,??????,?????,??????,"???? ?????? ? ?? ? ???? ????? ???????????, ?????????? ? ????????",Tatyana Kryachun,02/06/2025 11:26 PM
24578,??????,?????,??????,"???????? ??????? ? ????????? ""??????? ??????""",????????? ???????,02/06/2025 11:22 PM
24577,??????,?????,???????," ?????????  ""??????? ??????"" ?? ???????????? ? ??????? ????",????????? ???????,02/06/2025 11:02 PM
24576,??????,?????,??????????,???????? ?????? Ferrari ???????? ? ????????,Tatyana Kryachun,02/06/2025 10:35 PM
24575,??????,?????,??????????,"?????? ?????????? ?? ???????? ?????? ""???????????? ???????? ??? ??????? ???????? Porsche 2-in-1 Display Cleaner Red - MY2023""  ?? ???????????  ",????????? ???????,02/06/2025 09:59 PM
24574,??????,?????,??????????,"?? ??????? ???????? ???? ""??? ???"" ??? ??????? ??????  ""???? ??? ??????""",Dariia Kyselova,02/06/2025 09:58 PM
24573,??????,?????,??????????,"???????  ???????  ?????? ?  ???????? ???????? ""????????? ???????? ??????"" ????? ?? ?????????? ????? ",Dariia Kyselova,02/06/2025 09:49 PM
24572,??????,?????,??????????,"? ??????? ??????? ??????? ""??? ????? ????????""???????? ?? ??????? ???????? ",Dariia Kyselova,02/06/2025 09:40 PM
24571,??????,?????,??????????,??? ???????????? ????? ??????? ?? ??????? ???????? ?? ????????? ? ???????? ?? ?????????? ,Dariia Kyselova,02/06/2025 09:33 PM
24570,??????,?????,??????????,"?? ??????? ????????  ??? ??????? ??????? ""????????""",Dariia Kyselova,02/06/2025 09:24 PM
24569,??????,?????,??????????,??????? ?????/??????? ?????? ?????????? ??????????? ?????? ???????? ,Dariia Kyselova,02/06/2025 09:12 PM
24568,??????,?????,??????????,"? ?????? ???????? ""??????? ????? ?????? ?????""",Dariia Kyselova,02/06/2025 09:05 PM
24567,??????,?????,??????????,"?????????? ???????????? ?????? ?????? ""???????? ??? ????? ????????"" ? ????????? ? ????????, ??? ????????. ????????? ??????????? ??????? ? ??????.",Nadiia Panasiuk,02/06/2025 08:55 PM
24566,??????,?????,??????????,"???????????? ?????????? ???????, ????????? ? ????????? ????????????",Svitlana Kovalova,02/06/2025 08:50 PM
24565,??????,?????,??????????,????????? ??????????? ?????? «????????? ????? ??? ???????????? ?????? MINI?» ?? ????????,Svitlana Kovalova,02/06/2025 08:15 PM
24564,??????,?????,???????,???? ?????? «????????? ????? ??? ???????????? ?????? MINI?» ??????? ?? ?????,Svitlana Kovalova,02/06/2025 07:56 PM
24563,??????,?????,???????,"??? ?????? ???????? ""1:43"" ? ""??????? ???????"" ,????? ??????? ????????? ?????? ? ????????  ? ????????? ""1:18"" ",????? ??????,02/06/2025 06:51 PM
24562,??????,?????,??????,"???? ?????? ""?????? ?????????? Lexus LS500h Limousine Red Metallic by AUTOart"" ????????? ?????? ???????? ??????.",Iryna Vasyliv,02/06/2025 05:51 PM
24561,??????,?????,??????,"???????? ???? ?? ?????????????? ?????? ""????? ???????????? Porsche 911 Tool Kit"".",Iryna Vasyliv,02/06/2025 05:42 PM
24560,??????,?????,??????,??? ????????? ??????? ?? ?????? ????????? ????????????.,Iryna Vasyliv,02/06/2025 04:17 PM
24559,??????,?????,??????????,"??????? ???????? ?????? ???? ?????? ""????????? ????? ??? ???????????? ?????? MINI NATURAL Air-MY2023"" .",Iryna Vasyliv,02/06/2025 04:08 PM
24558,??????,?????,??????????,? ????????? ??????? ????? ??????????? BMW ????????? ?????? ????? Volkswagen .,Iryna Vasyliv,02/06/2025 03:58 PM
24557,??????,?????,??????,"??? ?????? ""????? ???????"" ???????????? ?????? ?????? ?? ????????, ?????????? ???????? ?????? ????????? ??????? ??? ?????? ??????.",??????  ?????,02/06/2025 03:52 PM
24556,??????,?????,???????,"? ????????? ""??????????? ????????? Mercedes-Benz"" ??? ???????? ?? ?????????? ???????? ?? ????????.",Iryna Vasyliv,02/06/2025 03:46 PM
24555,??????,?????,??????????,??? ???????????? ?? ??????? ?????? ????? ???????? ???? ??????? ???????????? ?? ?????????? ?????,??????  ?????,02/06/2025 03:45 PM
24554,??????,?????,??????????,"?? ??????? ?????? ????? ?????? ""????? ????????"" ???????????? ?? ?????????? ?????",??????  ?????,02/06/2025 03:37 PM
24553,??????,?????,??????????,"?? ??????? ?????? ????? ?????? ""???"" ???????????? ?? ?????????? ?????","",02/06/2025 03:32 PM
24552,??????,?????,??????????,"??????? ? ?????? ""??????? ??????"" ????? ?? ?????????? ?????? ?????",??????  ?????,02/06/2025 03:27 PM
24551,??????,?????,??????,C????? ?? ?????? «???????????? ?????????? Audi» ? ?????? ???????? ?????? ??????,Svitlana Kovalova,02/06/2025 03:24 PM
24549,??????,?????,??????????,?????? ???????????? ??????????? ? ??????? ?????? ?? ????????,??????  ?????,02/06/2025 03:11 PM
24548,??????,?????,??????????,C????? ??? ??????? ?????? «Ferrari» ?? ??????? ???????? ?????? ??????,Svitlana Kovalova,02/06/2025 03:04 PM
24547,??????,?????,???????,"??? ?????????? ? ?????? ""???????????? ?????????? Mercedes-Benz"" ??? ???????",????????? ???????,02/06/2025 03:04 PM
24545,??????,?????,???????,"??? ??????????? ?????? ????? 20 ???????? ???????? ??????, ??? ????? ???? ??????",??????  ?????,02/06/2025 02:48 PM
24543,??????,?????,??????,??????????????? ?????? ? ???????? ?????? «???????????? ?????????? Porsche» ? ?????? ???????? ? ?????? ?? ??????? ?????,Svitlana Kovalova,02/06/2025 02:23 PM
24541,??????,?????,??????,?? ????????????? ???? ???? ?????? ???????? ?? ???????? ????????,Telipko Anastasiia,02/06/2025 02:06 PM
24538,??????,?????,??????,"??????? ? ?????? ? ????? ??????????? ""???? ???"" ? ???????? ????",?????? ??????,02/06/2025 01:51 PM
24537,??????,?????,??????????,????? Mercedes-Benz S-Klub 300 SL (??????: GT418) ???????????? ?? ? ????? ????????? «?????????? ???????»,Svitlana Kovalova,02/06/2025 01:51 PM
24532,??????,?????,???????,"????????? ?????? ""???????""",?????? ??????,02/06/2025 11:16 AM
24531,??????,?????,??????????,"?? ????? ?????? ????? ??????? ""??????????????""",???? ??????,02/06/2025 10:13 AM
24530,??????,?????,??????,???? ??????  ??????????  ? ????????? ?????? ??????? -????????? ?? ?????'???-Mercedes-Benz-??????????? ????? ? ????????,Olha Yelizova,02/06/2025 08:08 AM
24529,??????,?????,??????,"?????? ?????????? ?? ???????? ?????? ""?????? ??????? Porsche Mini Plush Tom Targa Figure - MY2021"" ?? ???????????  ",????????? ???????,02/06/2025 01:37 AM
24528,??????,?????,??????,"???????? ? ????? ""??????""  ?? ??????? ???????? ????? ? ?????????? ?????? ????? ???????? ????  ","",02/06/2025 12:21 AM
24527,??????,?????,??????????,"?? ??????????? ?????? ????????? ????????? ?? ???????? ?????? ""??????????? ????? Mercedes-Benz AMG F1 Lewis Hamilton Mug Black/Neon Yellow - MY2024""",Olena Popova,02/05/2025 10:45 PM
24526,??????,?????,??????????,"????????? ?????? ???????? ?. ????? ?????????? ?117 (?? 5 ??): ???. ????? ?? ???? ???, 34 (???.«?????»)",Lubov Berozkina,02/05/2025 10:29 PM
24525,??????,?????,???????,??????????? ????? ???????? ? ?????? ???????? ???????? ????????? ??????????,Lubov Berozkina,02/05/2025 10:27 PM
24524,??????,?????,???????,?? ??? ????????????? ???????? ????????? ??????? ? ?????? ???????? ????????,Lubov Berozkina,02/05/2025 10:26 PM
24523,??????,?????,??????,??????????? ?????? ?????? ????? ?????????? ???????? ?? ???????????? ?????? Mercedes-Benz AMG Pendant Key Ring Black - MY2024,Lubov Berozkina,02/05/2025 10:24 PM
24522,??????,?????,???????,"?????? ?????????? BMW M5 (G90) Marina Bay Blue Metallic by GT Spirit, Scale 1:18 ?? ??? ???????? ???????? ??? ???????????",Lubov Berozkina,02/05/2025 10:22 PM
24521,??????,?????,???????,"?????? ""??????"" ?? ??????????? ?? ???????? ???????? ? ?????? ???????? ????",Olena Popova,02/05/2025 10:17 PM
24520,??????,?????,??????,"??????????? ?????? ?????? ????? ?????????? ???????? ?? ?????? ?????????? Bentley Azure Fountain Blue by Minichamps, Scale 1:18",Lubov Berozkina,02/05/2025 10:09 PM
24519,??????,?????,??????,"??????????? ?????? ?????? ????? ?????????? ???????? ?? ?????? ?????????? Audi RSQ8 (4M) Facelift 2024 ?hili Red, Scale 1:43",Lubov Berozkina,02/05/2025 10:06 PM
24518,??????,?????,??????????,"??????????? ?????? ?????? ????? ?????????? ???????? ??  ?????? ?????????? Audi R18 e-tron quattro #1 Winner 24h Le Mans Winner 2012 Fassler/Lotterer/Treluyer by Spark, Scale 1:18",Lubov Berozkina,02/05/2025 10:04 PM
24517,??????,?????,??????????,???????????? ??????? ? ???????????? ??? ???????? ? ??????????? ???????????.,Lubov Berozkina,02/05/2025 09:59 PM
24516,??????,?????,??????????,"?? ???????? ???????? ????? ????????? ? ""??? ????????"" ? ??????????????? ???????????? ????? ????? ????? ? ??????? ??? ???????????? ??????????? ??? ???? ???",Olena Popova,02/05/2025 09:59 PM
24515,??????,?????,??????????,"?????? ""?????? ? ???????"" ?? ?????? ?????  ?? ???????? ??????, ????? ????????? ?????? ? ???????",Olena Popova,02/05/2025 09:45 PM
24514,??????,?????,??????????,"????????? ""?????????? ??????"" ?? ??????????? ? ???? ?? ???????? ""???????????""",Olena Popova,02/05/2025 09:14 PM
24513,??????,?????,??????,"??????? ????? ?????, ? ?????? ????? ??????? ???????? ?? ??????????? ",????? ??????,02/05/2025 08:50 PM
24512,??????,?????,???????,"?????? ?????????? ?????? ???????? ?? ???????? ""?? ?? ??'???? ?? ?????? ?????????""",Marusia Yelizova,02/05/2025 08:11 PM
24511,??????,?????,??????,"????????? ""??????"" ? ????????????? ?????? ????? ???????????? ?????????? ?????",Tatyana Kryachun,02/05/2025 08:11 PM
24510,??????,?????,???????,"Counter ?? ?????? ""????????"" ?? ??????? ???????? ???????, ?? ?????????? ??? ???????????",Marusia Yelizova,02/05/2025 08:05 PM
24509,??????,?????,???????,?????????? ???????? ? ???????? ?????? ??????????????????? ????????????,Marusia Yelizova,02/05/2025 07:57 PM
24508,??????,?????,???????,"??????? ?????? ? ?????????? ?????? ????? ???????????? ?????? ""???????? ? ?????????"" ? ""???????? ? ?????????""",Marusia Yelizova,02/05/2025 07:53 PM
24507,??????,?????,??????????,"?? ??????? ????? ? ?????????? ?????? ????? ???????? ?????? ?????????? ""Mercedes-Benz 500E (W124), scale 1:18",Marusia Yelizova,02/05/2025 07:47 PM
24505,??????,?????,??????????,"?? ??????????? ?????????? ??????? ? ??????? ""????????? ??????"" ? dropdown ???? ?? ??????? ????????",Marusia Yelizova,02/05/2025 07:39 PM
24504,??????,?????,??????????,"???? ?????? ""???????? ??D ?8-9600..."" ????????? ? ????????? ""???????????? ??? ???????????? ????'??????"" > ""?????????"" > AMD",Tatyana Kryachun,02/05/2025 07:36 PM
24502,??????,?????,??????????,????? ?????????????? ???? ??? ??? ?????????? ?? ?????,Olena Popova,02/05/2025 07:21 PM
24501,??????,?????,??????????,"?? ???????? ???????? ,????? ???????? ?? ??????,?? ????????? ? ???? ????? ?????? ,????????? ?????? ""?? ?? ??^???? ?? ?????? ?????????"" ",????? ??????,02/05/2025 07:16 PM
24500,??????,?????,??????????,"???? ?????? ""???????? ??D ?8-9600"" ????????? ? ????????? ""???????????? ??? ???????????? ????""","",02/05/2025 07:13 PM
24499,??????,?????,??????,"???????? ?????????? ? ?????, ?? ?????????????  ? ???????????? ""??????? ?????""",Tatyana Kryachun,02/05/2025 06:47 PM
24498,??????,?????,??????????,"? ??????? ""????? ?????"", ??????? ""???????"", ??? ???? ?? ???????? ???????",????? ??????,02/05/2025 06:34 PM
24497,??????,?????,??????????,"??????????? ""?????? ?????????"" ? ""???"" ? ??????????????? ""??????"", ??????? ????????? ? ??????? ""??????? ????????????"" ? dropdown ????",Marusia Yelizova,02/05/2025 06:20 PM
24496,??????,?????,??????,"???? ?????? ?????????? ????? ? ????????? ""????????? ??????""-Mersedes Benz-?????? 183949",Olha Yelizova,02/05/2025 05:39 PM
24495,??????,?????,??????????," ??????? ????????? ????? ???????? ?????? ?? ??????????? ?? ???????? ""????????""",Olena Popova,02/05/2025 05:29 PM
24494,??????,?????,??????,"????? ?????? ????????? ? ??????? ""????"" ? ?????? ????????",Tatyana Kryachun,02/05/2025 05:25 PM
24493,??????,?????,??????????,"????????? ??????? ????????? ??????  ? ""???????"" ",Olha Yelizova,02/05/2025 05:16 PM
24490,??????,?????,??????????,"??????????? ?????????? ???????? ????? ? ?????????? ? ???? ""????????? ??????"" ?? ???????? ""???????""",Olena Popova,02/05/2025 04:53 PM
24487,??????,?????,???????,"?????? ??????? ? ?????????? ?? ?????? (?????????) ""?????????? ??????????"" ? ?????????? ??????? ""???????? ???????"" ? ??????? ""??????? ????????????"" dropdown ????",Marusia Yelizova,02/05/2025 04:41 PM
24485,??????,?????,???????,"?????? ??????? ? ?????????? ?? ??????(?????????) ""????????"" ? ??????? ""??????? ????????????"" ? dropdown menu ""?????????""",Marusia Yelizova,02/05/2025 04:36 PM
24484,??????,?????,???????,"??????????? ?????? ?? ?????????? ? dropdown ???? ?? ""????????????????""",Marusia Yelizova,02/05/2025 04:31 PM
24482,??????,?????,??????,"? ??????? ""????????? ??????"" ?????,?????, ? ??????? ""???? ???"" ?????????? ????????? ????? ""??????""",????? ??????,02/05/2025 04:28 PM
24480,??????,?????,??????????,"??????????? ?????????????  ?????? ???  ?????????? ? ??????? ""???????????????? ??? ???????????""",Olena Popova,02/05/2025 04:21 PM
24479,??????,?????,???????,"????????? ?????? "" ????????? ??????"" ?? ???????? ???????? ????? ????????? ?? ?????? ? ??????????/???????????? ????????",Olena Popova,02/05/2025 04:17 PM
24477,??????,?????,??????????,"? ??????? ""????????? ??????"" ??????? ???? ? ????? ?????????? Mercedes-Benz 500E ",????? ??????,02/05/2025 04:07 PM
24475,??????,?????,??????????,"??????????? ?????????????  ?????? ???  ?????????? ? ??????? ""???????????????? ??? ???????????""",Olena Popova,02/05/2025 03:44 PM
24474,??????,?????,??????????,???????? ?????? ????????? ????????? ??????,?????? ??????,02/05/2025 03:40 PM
24473,??????,?????,???????,"????????? ""?????????"" ?? ???????? ""???????""  ???? ?? ?????????? ????????",Olena Popova,02/05/2025 03:25 PM
24472,??????,?????,??????,"??? ???????????? ?? ???? ????????? ??????? ?????? ????????? ????? ??? ?????? ?? ???????? (?????????, 50) ?????????? ? ????? ????????? 25",?????? ??????,02/05/2025 03:23 PM
24471,??????,?????,??????????,"???????????  ????????? ?? ?????????? ???? ??????? ?????? ???????? ""??????? ????????""",Olena Popova,02/05/2025 03:17 PM
24470,??????,?????,??????????,"?????????????? ??????????? ?????????? ??? ??? ????????? ?? ?????????? ???? ? ?????????? ?? ???????? ""??????? ????????""",Olena Popova,02/05/2025 03:02 PM
24469,??????,?????,??????????,"? ""?????????? ????????"" ? ???? ? ???????? ??? ??????? ""?????"" ??????? ??????? ""??????""",?????? ??????,02/05/2025 02:57 PM
24468,??????,?????,??????????,"????????? ""??? ???????? ?????????"" ?????????? ?? ??????? ????????",Olena Popova,02/05/2025 02:52 PM
24467,??????,?????,??????????,"???? ??????????? ?????, ??? ""???????? ? ?????????"" ?? ""???????? ? ?????????"" ?????????? ????? ? ??????? ????????? ??????",Olha Yelizova,02/05/2025 02:45 PM
24466,??????,?????,??????????,"????? ?????? ??????? ?? ???????? ???????? ?? ????????? ??? ????????? ???????, ???? ? ?? ?????",Telipko Anastasiia,02/05/2025 02:40 PM
24465,??????,?????,??????????,"?? ???????? ???????? ? ????????? ?? ???????? ? ?????? ???????? ""??????? ??????? ???? ????????? ?? ?????????? ??? ???????...""",?????? ??????,02/05/2025 02:40 PM
24464,??????,?????,??????????,"??????? ?? ""???????? ? ?????????"" ????? ?? ??????????????, ???? ?? ??????? ??????? ""????????? ???????. ???????????""",Olha Yelizova,02/05/2025 02:33 PM
24463,??????,?????,??????,"??????????? ""??? ???"" ? ??????? ""????????????""",Marusia Yelizova,02/05/2025 02:10 PM
24462,??????,?????,??????????,"?????????? ???????? ????? ? ????????? ??? ??? ??? ????? ?? ???????? ""???????? ? ?????????"" ??????????? ?????? ""???????? ????????? ?????""",Olha Yelizova,02/05/2025 02:08 PM
24461,??????,?????,???????,"??????????? ?????????? ?? ????????-???????? ? ??????? ""? ???"" ?? ??????? ????????",Marusia Yelizova,02/05/2025 02:04 PM
24460,??????,?????,??????????,"??????????? ????????? ??? ?????????? ""????????????????"" ? ??????? ""??????????"" ",Marusia Yelizova,02/05/2025 01:55 PM
24459,??????,?????,??????????,"?????????? ???? ?????????? ? ""?????? ???????""",Vadym Prochnyi,02/05/2025 01:44 PM
24458,??????,?????,??????????,"?? ?????? ?????? ""??? ???????? ?????????""",Telipko Anastasiia,02/05/2025 01:39 PM
24456,??????,?????,??????,"??????? ? ????? ??? ?????????? ?? ""???????? ??? ????? ????????""",Telipko Anastasiia,02/05/2025 01:31 PM
24455,??????,?????,??????????,?????????? ?????? ????????? ???? ??????,Vadym Prochnyi,02/05/2025 01:07 PM
24454,??????,?????,??????????,?????????? ?????? ????????? ???? ??????,"",02/05/2025 12:49 PM
24453,??????,?????,??????????,???????????? ??????? ? ??????????????? ??????,Vadym Prochnyi,02/05/2025 12:32 PM
24418,??????,?????,??????,"? ??????? ""???? ? ????? ???????"" ??? ????????? ??????? ?? ""???????????"" ????????????? ?????? ?????? ????? ????????????",?????? ??????,02/05/2025 10:07 AM
24410,??????,?????,??????,????? ?????????????? ?????? ?????? ??? ?????? (097) 972-82-92 ??? ??????? ????,?????? ??????,02/05/2025 09:40 AM
24409,??????,?????,??????,"? ??????? ""???????? ???????"" ??? ????????? ??????? ?? ""??????? ?????"" ????????????? ?????? ?????? ????? ???????? ????",?????? ??????,02/05/2025 09:23 AM
24408,??????,?????,??????????,"??? ?????????? ?? ????????? ""????????"" ? ""?????????"" ? ??????? ""????????"" ????????????? ""404 Page Not Found""",?????? ??????,02/05/2025 08:58 AM
24407,??????,?????,??????,"?? ?????? ????????? ""??? ???????? ?????????"" ?? ???????? ""?????????? ??????""",Nadiia Panasiuk,02/05/2025 03:09 AM
24406,??????,?????,??????,"????? ??????? ""?????????? ???????? ?????"" ?? ???????? ""??????? ???????"" ??????? ?????????? ???????.",Nadiia Panasiuk,02/05/2025 02:27 AM
24405,??????,?????,??????????,"????????? ""? ???"" ? ????????? ???? ????? ???? ?? ???????? ""?????? ????????"" ??????? ???????? ??? ????????.",Nadiia Panasiuk,02/05/2025 01:31 AM
24404,??????,?????,??????????,"?????????? ??? ????????? ???????? ? ?????? ????????????? ??? ?????????? ? ??????? ""????????"" (????????? ????? (095) 006 12 95)",Tatyana Kryachun,02/04/2025 10:16 PM
24403,??????,?????,??????????,"?????? ""? ???"" ? ?????? ???????? ???????? ????? ??????? ""?????? ????????""",Tatyana Kryachun,02/04/2025 09:38 PM
24402,??????,?????,??????????,"?????? ""? ???","",02/04/2025 09:12 PM
24401,??????,?????,??????????,?????? ??? ??????? ?? ?????? ??????? ??? ???????? ? ?????? ?????? ????? ??????? ???????? ? ?????? ?? ?????????? ?????,Svitlana Kovalova,02/04/2025 09:08 PM
24400,??????,?????,??????????,"?????? ""? ???"" ?? ??????? ???????? ?????????????? ?? ???????? ""?????? ????????""",Svitlana Kovalova,02/04/2025 08:40 PM
24399,??????,?????,???????,"?????????? ??? ??????? ? ???? ""????? ??????"" ?? ???????????? ?????? ?? ????????????? ???????",Svitlana Kovalova,02/04/2025 08:23 PM
24398,??????,?????,??????????,"??? ??????? ?????? ""??? ???????? ?????????"" ? ""???????"" ?????????????? ?? ??????? ????????",Svitlana Kovalova,02/04/2025 08:01 PM
24397,??????,?????,??????????,"?? ???????? ?????? «????????», «?????????», «??? ???» ? ???? «????????» ? ?????? «????? ?????? ?? ????????» ? ?????? ?? ?????????? ?????",Svitlana Kovalova,02/04/2025 07:40 PM
24396,??????,?????,??????,??????????????? ?????? ? ????????? ???????????? «????????? ??????? ?????????» ? «????????? ? ?????????? ?????????» ? ?????? ?? ?????????? ?????,Svitlana Kovalova,02/04/2025 07:36 PM
24395,??????,?????,??????,??????????????? ?????? ? ????????? ???????????? «????????? ??????? ?????????» ? «????????? ? ?????????? ?????????» ? ?????? ?? ?????????? ?????,Svitlana Kovalova,02/04/2025 07:33 PM
24394,??????,?????,??????,???????????? ??????? ???????? ???????????? «?????-??????? Ray Ban» ? ??????? ???? «?????????» ? ?????? ?? ?????????? ?????.,Svitlana Kovalova,02/04/2025 07:29 PM
24393,??????,?????,???????,"? ??????? ""?????? ?? ??????"" ??? ?????????? ??????"" ?????? ????"" ????? ??????????? ??????",????? ??????,02/04/2025 07:27 PM
24392,??????,?????,??????????,?? ???????????? ???????? ???????????? «Apple iPad Mini 7» ? ??????? ???? «?????????» ? ?????? ?? ?????????? ?????.,Svitlana Kovalova,02/04/2025 07:26 PM
24391,??????,?????,??????????,?? ???????????? ???????? ???????????? «?????????» ? «???????????» ? ??????? ???? «?????????» ? ?????? ?? ?????????? ?????,Svitlana Kovalova,02/04/2025 07:23 PM
24390,??????,?????,??????,??????????????? ?????? ? ???????? ???????????? «?????????. ?????????? +????» ? «?????????? ? ??????????? ? ??????» ? ?????? ?? ??????? ?????,Svitlana Kovalova,02/04/2025 07:17 PM
24386,??????,?????,??????????,"?? ???????? ?????? ????? ???????? ????????: ""????????? ??????"", ""??????? ????????"", ""??????????? ?????? ??????????"",""?????? ??????? ???????"",""???????? ??????? ? ?????? ?????????""",????? ??????,02/04/2025 07:01 PM
24374,??????,?????,???????,"? ????? ""????? ??????"" ???????? ????????,????????? ?? ?????????? ?????????? ?????? ?? ?^?? ??????",????? ??????,02/04/2025 06:29 PM
24368,??????,?????,??????,"?? ???????? ????????, ? ?????? ??????? ????? ? ??????? ""??^???? ? ????"" ????? ??????? ????? ????????",????? ??????,02/04/2025 05:54 PM
24367,??????,?????,??????????,"? ????????? ""??????? ?????????"", ? ???? ?  ??????? ""????????? ??????? ?????????"" ????????? ?????? ????????????? ?????????.",Iryna Vasyliv,02/04/2025 05:40 PM
24362,??????,?????,??????,"? ??????? ""????? ????"" ?? ?????????? ? ??????? ??????? ??????? ""????? ????"" ?? ???.????",????? ??????,02/04/2025 05:16 PM
24361,??????,?????,??????,"? ????????? ????? ???????? ????????,??? ""??????? ??????"" ?????????? ??????? ??????",????? ??????,02/04/2025 04:58 PM
24360,??????,?????,??????,"? ???????? ???? ? ??????? ""??'???? ? ????"" (095) 006-12-95 ???????? 2 ????",?????? ??????,02/04/2025 04:35 PM
24359,??????,?????,??????????,"??? ?????????? ????????? ""??? ???"" ? ????????? ???? ????????????? ""??????? ????????""",?????? ??????,02/04/2025 04:14 PM
24358,??????,?????,??????????,"? ????????? ""???????? ???????"" ?? ?????????????? ????????? ??????? ""??????? ?????"".",Iryna Vasyliv,02/04/2025 04:06 PM
24357,??????,?????,??????????,"?? ???????? ????????, ? ????????? ???????, ? ??????? ""?????????""-??????? ???????""-""???????? ?????"" ? ??????????? ?????? ????? ?????? ",Olha Yelizova,02/04/2025 03:58 PM
24356,??????,?????,??????????,"? ???? "" ???????? "" ??????? ???? ???? ?????????? ?????????? ?? ?????.",Iryna Vasyliv,02/04/2025 03:57 PM
24355,??????,?????,??????????,"?? ???????? ?????? ???????? ????????? ? ????????? ""?????? ?????????? Volvo XC90 Black by Norev, Scale 1:43""",???????? ???????,02/04/2025 03:52 PM
24354,??????,?????,??????,????? ?????? ?????? ??? ?????? (097) 972-82-92 ??? ??????? ???? ,?????? ??????,02/04/2025 03:50 PM
24353,??????,?????,??????????,"? ???????  ""??? ???"" ????????? ??????? ????????.",Iryna Vasyliv,02/04/2025 03:41 PM
24352,??????,?????,??????????,"?? ???????? ???????? ??? ?????? ""????? ?????"" ????????? ????????? ""????????""",Olha Yelizova,02/04/2025 03:36 PM
24351,??????,?????,??????????,"? ???? ""????"", ? ???????  ""??????"" ?? ????????? 6-7 ???????? ????????? ??????.",Iryna Vasyliv,02/04/2025 03:29 PM
24350,??????,?????,???????,"? ????????? ""???????? ???????"", ? ??????? ""????????????"" ?? ????? ?????? ARDESTO DFM-50W ?????????? ????????? ?????.",Iryna Vasyliv,02/04/2025 03:17 PM
24332,??????,?????,???????,"?? ????? ??????? ????? ?????? ????: ""?????? Mercedes-Benz"" . ? ???? ""????? ???????"" ?? ??????? ??????  ? ????????? ""HUMMER""",???????? ???????,02/04/2025 02:07 PM
24307,??????,?????,??????,"??????????? ????? ?? ???????? ? ???????? ? ??????? ""???????""",Vadym Prochnyi,02/04/2025 12:46 PM
24306,??????,?????,??????????,"???????????? ??????????????? ??? ??????? ?????? ""??? ???????? ?????????""",Vadym Prochnyi,02/04/2025 12:16 PM
24305,??????,?????,???????,"? ????????? ?????? ""??????? ?????????"" ????????? ????? ""?????? ???????"" ???? ?? ?????????? ?????????",???????? ???????,02/04/2025 11:42 AM
24299,??????,?????,??????????,"?? ???????? ?????? ???????? ????????? ? ????????? ""?????? ?????????? Volkswagen Beelle Red, Scale 1:43""",???????? ???????,02/04/2025 11:18 AM
24293,??????,?????,??????????,"???????? ????????? ????? ""??????"" ??? ""????????"" ??? ???????? ???????? ?? ?????? ""??????"" ??? ""????????"" ( ???????? ????????)",???????? ???????,02/04/2025 11:00 AM
24286,??????,?????,??????????,"???????? ????????? ????? ""??????????"" ??? ???????? ???????? ?? ?????? ""??????????""",???????? ???????,02/04/2025 10:52 AM
24234,??????,?????,??????,"? ????? ""??????? ???????"",  ""?????????  Karher"" ????? ???????? ?????????? ????? , ?? ????????? ??????, ??????? ? ???? ""?????????""",Olha Yelizova,02/04/2025 08:49 AM
24233,??????,?????,??????,"????????? Drop-down ????? ""????????????????"" ,?? ????????? ?????? , ???????, ? ???? ""?????????""",Olha Yelizova,02/04/2025 08:23 AM
24232,??????,?????,???????,"? ?????  ""?????"" ?? ????????? ?????? ??? ??????? ""?????????""  , ??????????? ????? ?????",Olha Yelizova,02/04/2025 08:08 AM
24231,??????,?????,??????????,"?????????? ?? ?????  ""? ???"" ?? ????????? ??????  ?????????????  ""?????? ????????""",Olha Yelizova,02/04/2025 07:50 AM
24213,??????,?????,??????????,??? ?????????? ??? ???????? ??????? ?? ??????? «Ferrari» ???? «?????????? ???????? ?? ????????!»,????????? ??????????,02/03/2025 08:02 PM
24212,??????,?????,??????????,? ???? «????????? ???????» ??? ?????????? ?? ????? «?????????? ??????» ???? «?????????? ???????? ?? ????????!»,????????? ??????????,02/03/2025 07:31 PM
24208,??????,?????,??????????,??? ?????????? ?? ?????? «????????? ???????» ? ??????????? ???? ??????? ???? ???????? «??? ????????» ? ?? «?».,????????? ??????????,02/03/2025 07:13 PM
24207,??????,?????,??????,"?????? ""?????????? ?????"" ?? ??????????????",Telipko Anastasiia,02/03/2025 07:13 PM
24201,??????,?????,??????????,"? ??????? ??????????? ?? ??????? ???????? ""??????? ??????""",????? ???????,02/03/2025 06:02 PM
24200,??????,?????,??????????,??? ????????? ?????????? ?????? ????? ???????????,????? ???????,02/03/2025 05:58 PM
24199,??????,?????,??????,?????? ??????? ???????????? ?????????? Mersedes Benz ????????????? ???????? ?? ???????,????? ???????,02/03/2025 05:53 PM
24198,??????,?????,??????,?????? ??????? ???????????? ?????????? Audi ????????????? ???????? ?? ???????,????? ???????,02/03/2025 05:51 PM
24192,??????,?????,??????????,?????? ??????? ???????????? ?????????? Porsche ????????????? ???????? ?? ???????,????? ???????,02/03/2025 05:03 PM
24191,??????,?????,??????????,?????? ??????? ???????????? ?????????? Porsche ?????? ? ????? ??????????,????? ???????,02/03/2025 04:59 PM
24189,??????,?????,??????????,?? ??????? Ferrari ???????? ?? ???????,????? ???????,02/03/2025 04:48 PM
24188,??????,?????,??????????,??????? ? ????????? ?????? ?? ???? ?????? ? ????????????? ??????,???????? ???????,02/03/2025 04:45 PM
24186,??????,?????,??????,?????????>???????? ???? - ???? ???????? ?????? Smart ?????,????? ???????,02/03/2025 04:37 PM
24184,??????,?????,???????,? ???????????? ????? ?? ?'??????? ??????? ?????????.,Lubov Berozkina,02/03/2025 04:22 PM
24183,??????,?????,???????,??????????? ? ????????? ?????????? Apple?  ???????????? ??????  ? ????????  Apple iPad Mini 7? ? ??????????? ???????????. ,Lubov Berozkina,02/03/2025 04:19 PM
24182,??????,?????,???????,??????????? ? ????????? ???????? ??????  ???????????? ??????.,Lubov Berozkina,02/03/2025 04:17 PM
24181,??????,?????,???????,?????? ?? ?????????? ??????? ??????????,Lubov Berozkina,02/03/2025 04:14 PM
24180,??????,?????,???????,?? ????????? ??????????? ?????????? ?????? ?? ??????? ? ?????? :  ???????????? ?????? + ??????? ????? ,???????? ???????,02/03/2025 04:11 PM
24179,??????,?????,??????????,??????????? ?????? ???????????.,Lubov Berozkina,02/03/2025 04:11 PM
24177,??????,?????,???????,??????????? ????  ??????  ? ???????  ?- ???? ???????.,Lubov Berozkina,02/03/2025 04:05 PM
24176,??????,?????,??????????,?????????>??????????? ???????>?????????? ???????>?????????????? ????????? ?? ?????????? ????????,????? ???????,02/03/2025 04:04 PM
24175,??????,?????,???????,? ??????? ? LED-??????????? ???????? ?????????? ???????????.,Lubov Berozkina,02/03/2025 04:02 PM
24174,??????,?????,???????,??????????? ? ????????? ??????????? ????????  ???????????? ?????? ? ??????????? ???????????. ,Lubov Berozkina,02/03/2025 03:58 PM
24173,??????,?????,??????????,?????? ?? ???????? ???????? ?? ??????? ????????,????? ???????,02/03/2025 03:55 PM
24172,??????,?????,???????,? ???????????  ??????????? ??????? ?????????? ?????????? ?????. ,Lubov Berozkina,02/03/2025 03:54 PM
24171,??????,?????,???????,"??????????? ????? ?????? ""????????? ?????????? Baseus Magnetic Mini Wireless Fast Charge 20 000 mAh 20W Black"".",Lubov Berozkina,02/03/2025 03:46 PM
24170,??????,?????,??????????,"?????? ????: ""??????? ????????"" ??? ????? ""??? ???""",???????? ???????,02/03/2025 03:45 PM
24165,??????,?????,??????????,"?????? ""?????????"" ??????????? ? ??????? ""????????? ???????? ???????""",???????? ???????,02/03/2025 03:33 PM
24156,??????,?????,??????,"?? ????????? ?????????????? ???????? ""?????????? ?????"" ? ???? ????????? ??????????",???????? ???????,02/03/2025 03:09 PM
24152,??????,?????,??????,?????? ??????? ?????? ? ????? ?????? ?????????? ?????????? ,???????? ???????,02/03/2025 02:57 PM
24122,??????,?????,??????????,"???????????? ??????????????? ? ?????? ???? ""? ???""",Vadym Prochnyi,02/03/2025 02:01 PM
24121,??????,?????,??????????,"???????????? ??????????????? ? ?????? ???? ""? ???""","",02/03/2025 01:59 PM
24099,??????,?????,??????????,"?????? ""??????? Rozetka "" ?? ?????????????? ? ???????? ????",Olena Popova,02/03/2025 11:37 AM
24098,??????,?????,??????,????-????? ? header ??????? ??????????? ???????: ???????????? ???????????? ????????? ?? ??????? ????.,Nadiia Panasiuk,02/03/2025 02:53 AM
24097,??????,?????,??????,"?????? ???? ??? ????????? ?? ""???????????"", ""???????? ?????"", ""?????????? ??????????"", ""????????""",Vadym Prochnyi,02/02/2025 10:23 PM
24096,??????,?????,??????,"?????? ""???????????"" ? ??????? ""???????"" ?????? ???????? ????????, ?? ?? ????????",Uliana Shtefanovych,02/02/2025 09:31 PM
24095,??????,?????,??????????,"??????????? ???????????? ? ??????? ""???????? ?????""",Uliana Shtefanovych,02/02/2025 09:17 PM
24094,??????,?????,??????,"? ?????? ""???????"" ?????? ""??? ???????? ?????????"" ????? ?? ??????? ????????",Uliana Shtefanovych,02/02/2025 09:00 PM
24093,??????,?????,??????????,"? ?????? ""???????"" ???? ??? ???????? ?????????","",02/02/2025 08:51 PM
24092,??????,?????,??????????,"? ???? ????? ""????, ?"" ????? ?????? ????????? ??????? ",Uliana Shtefanovych,02/02/2025 08:34 PM
24091,??????,?????,??????,"? ??????? ""??????? Apple ?? ???????????? ????"" ?????????? ?????????? ? ????????? Apple",Uliana Shtefanovych,02/02/2025 08:03 PM
24090,??????,?????,??????," ? ?????? ""??????? ???????"" ?? ???????????? ?????? ""TouYinger""",Uliana Shtefanovych,02/02/2025 07:39 PM
24089,??????,?????,???????,"??? ?????????? ?? ????????? «?????? ?????????? Mercedes-Benz SSK Trossi 1932 ""Black Prince"" by CMC, Scale 1:18» ???? «?????????? ???????? ?? ????????!»",????????? ??????????,02/02/2025 05:52 PM
24088,??????,?????,??????????,"?????? ""??????? Rozetka"" ?? ?????????????? ? ???????? ????",?????? ??????,02/02/2025 12:14 PM
24087,??????,?????,??????,"?????????????? ????? ????????? ????? ? ??????? ""??????""",Vadym Prochnyi,02/02/2025 01:01 AM
24086,??????,?????,??????,???????? ?????? ???????????? ? ???????????? ?????,Vadym Prochnyi,02/02/2025 12:19 AM
24085,??????,?????,??????????,"?????? ????? ?????? ""? ???"" ?????????? ?????? ????????",????? ???????,02/01/2025 11:50 PM
24084,??????,?????,??????????,"?????? ????? ""? ???""-?????? ????????","",02/01/2025 11:47 PM
24083,??????,?????,??????,??? ?????? ????????? ??????? ?????????????? ??????????. ,????????? ??????????,02/01/2025 08:05 PM
24082,??????,?????,??????,"? ?????? ""? ???"" ? ??????? ???? ????????? ?????? ????????",Uliana Shtefanovych,02/01/2025 07:56 PM
24081,??????,?????,??????,??? ????????? ?????? ????????? ????? ??????? ???????? ???? ?. ?????,????????? ??????????,02/01/2025 07:44 PM
24080,??????,?????,??????,?????????? ??????>C?????????>C???????? - ?? ???????????? ?????,????? ???????,02/01/2025 06:59 PM
24079,??????,?????,??????,?????????>??????? ?????????????>?????????? ?????????? - ?? ???????????? ?????,????? ???????,02/01/2025 06:56 PM
24078,??????,?????,??????,?????????>??????? ?????????????>???????? - ?? ???????????? ?????,????? ???????,02/01/2025 06:54 PM
24077,??????,?????,??????????,?????????>???? ? ????? ???????>???????????? - ?? ???????????? ?????,????? ???????,02/01/2025 06:45 PM
24076,??????,?????,??????????,?????????>??????? ???????>???????? ?????-?? ???????????? ????? ????,????? ???????,02/01/2025 06:35 PM
24075,??????,?????,??????,"????? ???????? ?????????? ???????? ?????, ??????????? ??????? ""TouYinger""",????? ???????,02/01/2025 06:18 PM
24074,??????,?????,???????,"?????????? ?????????? ?? ?????????  ????? ? ???????  "" ?????????? ? ??????""",Lubov Berozkina,02/01/2025 05:41 PM
24073,??????,?????,??????????,"?????? ""???????"" ?? ?????????????",????????? ??????????,02/01/2025 05:41 PM
24072,??????,?????,??????????,"? ?????? ""???????"" ?? ??????????? ?????????? ?????? ?? ??????? ????????",????????? ???????,02/01/2025 05:40 PM
24071,??????,?????,??????????,?? ???????? Hi-Fi ???????????? ??????? ???????? ???? ??????,"",02/01/2025 05:36 PM
24070,??????,?????,??????,"?????? ""????? ?? ????????"" ?????????? ?????????? ??????? ""????????"" ?? ""???????? ?????"" ? ??????????????? ??????",Svitlana Kovalova,02/01/2025 05:35 PM
24069,??????,?????,??????????,"? ???????? ????????????? ???? ""????????????? ???????"" ?? ????? ??????? ????? ??? ?????? ????????? ??? ?????? ??????",Nadiia Panasiuk,02/01/2025 05:33 PM
24068,??????,?????,???????,"????????? ?????? ? """"???????"" ? ""?????????"" ??? ????? ?? ??????? ????????",????? ???????,02/01/2025 05:33 PM
24067,??????,?????,???????,"? ??????? ""????????????? ??????"" ?????? ?? ????????????",?????? ??????,02/01/2025 05:32 PM
24066,??????,?????,??????????,"?? ???????? ???????? ??? ?????? ""????????? ""?? ?????????????? ?????",Olha Yelizova,02/01/2025 05:31 PM
24065,??????,?????,??????????,"? ??????? ""????????? ???????"" ?? ???????????? ?????????? ""?????? ???????""",Uliana Shtefanovych,02/01/2025 05:30 PM
24064,??????,?????,???????,"?? ???????? ""?????????"" ?? ?????????????? ???????? ??????????",????? ??????,02/01/2025 05:29 PM
24063,??????,?????,??????????,"? ????? ???? ??????? ""?????????? ??????? ?? ???????????""",Dariia Kyselova,02/01/2025 05:29 PM
24062,??????,?????,??????????,????????? ?????? ? ??????? ? ????????? ??? ????? ?? ??????? ????????,"",02/01/2025 05:28 PM
24061,??????,?????,??????????,???? ????????? ?? ????????????,????????? ??????????,02/01/2025 05:24 PM
24060,??????,?????,??????????,"??? ?????? ????? ""??????? ?????????"" ?? ???????????? ?????? ???? ?????? Samsung Galaxy Tab A9 Plus 5G 8/128GB Navy SM-X216BDBE",Vadym Prochnyi,02/01/2025 05:24 PM
24059,??????,?????,??????????,"? ??????? ???? ""?????????? ???????"" ??????????? ?????? ?? ???. ?????",Uliana Shtefanovych,02/01/2025 05:19 PM
24058,??????,?????,??????????,??????????? ?????????? ??? ???????? ????? Roznica ,"",02/01/2025 05:17 PM
24057,??????,?????,??????????,? ?????? ?? ?????????????? ????????? ?????? ,Olha Yelizova,02/01/2025 05:17 PM
24056,??????,?????,??????????,??????? (?????????? ??????) ?? ???????????,????? ???????,02/01/2025 05:16 PM
24055,??????,?????,???????,"?? ??????????? ?????? ""???????""",???????? ???????,02/01/2025 05:16 PM
24054,??????,?????,???????,"?? ????????????? ??????? ?? ????????????? ? ??????? "" ?????, ??????, ???????""  ?? ????? https://www.roznica.com.ua/",Lubov Berozkina,02/01/2025 05:14 PM
24053,??????,?????,??????????,"? ??????? "" ????????? ???????"" ?? ?????????? ????","",02/01/2025 05:14 PM
24052,??????,?????,??????????,"? ???????? ???? ""??????? ???????"" ????? ???? ?? ?????????? ???????? ???????, ???? ???????? ?? ?????????.",Nadiia Panasiuk,02/01/2025 05:14 PM
24051,??????,?????,??????????,"?????????? ???????? ??????? ? ??????? ""????????? ??????""",Dariia Kyselova,02/01/2025 05:13 PM
24050,??????,?????,??????????,"??? ???? ???????? ?????? ""3D ???? ????????? ????????""",??????  ?????,02/01/2025 05:13 PM
24049,??????,?????,???????,????? ?????? ?? ???????? ???????? - ?? ?????? ????????????,Marusia Yelizova,02/01/2025 05:13 PM
24048,??????,?????,??????????,"?? ?????????????? ????????? ?? ?????????? ??????? ??? ????????? ??????? ? ""?????""",Svitlana Kovalova,02/01/2025 05:09 PM
24047,??????,?????,???????,??????? ? ??????? ????????? ??????? ?? ???????????,????? ???????,02/01/2025 05:09 PM
24046,??????,?????,??????????,"?????? ?????? ??????????? ???? ""???????? ?????""",Vadym Prochnyi,02/01/2025 05:09 PM
24045,??????,?????,??????????,"???? ""????????"" ?? ???????????? ","",02/01/2025 05:09 PM
24044,??????,?????,??????????,?? ????? Roznica ???? ???????? ?? ?????????? ? ?????? ???????? ??????.,"",02/01/2025 05:08 PM
24043,??????,?????,??????????,"????? ""???????? ????????"" ? ??????? ""???????? ?? ??????"" ?????????? ?????",Tatyana Kryachun,02/01/2025 05:08 PM
24042,??????,?????,???????,"?? ??????? ?????? ""?????????? ???????"" ??? ??????? ????",?????? ??????,02/01/2025 05:07 PM
24041,??????,?????,??????????,?? https://www.roznica.com.ua/ ? ???????? ????? ??? ??????? ?? ????????? ?? ???????? ??????? ??????,????? ??????,02/01/2025 05:07 PM
24040,??????,?????,??????????,"??? ???????????? ???? ???????? ?? ??? ??????, ??????? ??????? ????????? ""??????? ???????""",??????  ?????,02/01/2025 05:05 PM
24039,??????,?????,??????????,???????? ??????? ??????? Roznica,????? ???????,02/01/2025 05:03 PM
24038,??????,?????,??????????,"?? ????? ""?????????? ???? ?? ???? ?????? ????????????""",Dariia Kyselova,02/01/2025 05:03 PM
24037,??????,?????,??????????,"""?????????? ???????"" ?? ??????? ???????? ?????? ?? ????????????",Marusia Yelizova,02/01/2025 05:03 PM
24036,??????,?????,??????????,"?? ???????????  ???????? ?? ???.???? ???????? ? ?????? ???? ""???????? ? ??????""",???????? ???????,02/01/2025 05:02 PM
24035,??????,?????,??????????,"?? ??????? ???????? ? ????? ????? ?????? ?? ???????? ?????? ""?????????? ???????""",Olha Yelizova,02/01/2025 05:02 PM
24034,??????,?????,??????,??????????? ?????????? ??????? ?? ??????? ???????? ???????????,Marusia Yelizova,02/01/2025 05:00 PM
24033,??????,?????,??????????,"???????? ??????? ""Time: 0.078"" ????? ??????? ????????",?????? ????,02/01/2025 05:00 PM
24032,??????,?????,??????????,"? ??????? ???? ""?????/????"" ?? ???????????? ?????????????? ??????????","",02/01/2025 04:59 PM
24031,??????,?????,??????,"?????? ?????? ?? ???????? ??????????? ???? ""???????? ?????""",Vadym Prochnyi,02/01/2025 04:59 PM
24030,??????,?????,??????????,???????? ??????? ??????? Roznica,"",02/01/2025 04:58 PM
24029,??????,?????,??????????,"????????????? ??????? ??????? ??? ??????? ? ?????????? ""???????????????""",?????? ????,02/01/2025 04:57 PM
24028,??????,?????,??????????,?????? ?? ????? ???????? Rozetka ?? ??????? ?????? ?????,"",02/01/2025 04:25 PM
24027,??????,?????,??????????,"?????? ""??????"" ?? ???????????? ? ???????? ???? ","",02/01/2025 04:23 PM
24026,??????,?????,??????,"""ROZETKA"" ? ??????? ""?????? ???????????"" ? ?????? HIPP ??????????? ?????? ""??????""",?????? ??????,02/01/2025 04:20 PM
24025,??????,?????,??????,"???????? ????? ?? ?????????? ????????? ????? ???? ? ??????? ""???????? ?????????? ??? ???""",Lubov Berozkina,02/01/2025 04:20 PM
24024,??????,?????,??????,"????????? ???? ""??????"" ???? ????????? ???????? ???????? ?????? ?? ???????? ????????",Tatyana Kryachun,02/01/2025 04:20 PM
24023,??????,?????,??????,"?????? ""??????"" ?? ?????????????? ?? ??????",???? ??????,02/01/2025 04:18 PM
24022,??????,?????,??????,??? ??????? ?? ????????? ?? ??????? ???????? ??? ??????????? ???,????? ??????,02/01/2025 04:17 PM
24021,??????,?????,??????????,"??? ?????? ??????, ????? ???? ?? ""?????? ?????????""",Olha Yelizova,02/01/2025 04:17 PM
24020,??????,?????,??????,"?????? ""?????? ????????? ?????????"" ?? ?????????????? ???? ""???""",????????? ??????????,02/01/2025 04:16 PM
24019,??????,?????,??????,"?? ???????????? ???? ?????? ""?"" ??? ??????????? ?????? ""?????? ????????? ?????????"" ? ???? ""??????? ??????????""",Svitlana Kovalova,02/01/2025 04:16 PM
24018,??????,?????,??????????,"?? ?????????????? ???? ????? ?? ???????? Heep, ????? ????? ???????",???????? ???????,02/01/2025 04:16 PM
24017,??????,?????,??????,"?? ???????????? ""?????? ?????? ????? ??????""",Dariia Kyselova,02/01/2025 04:15 PM
24016,??????,?????,??????????,"?? ???????? ??????, ?? ??????? ????????, ??? ????? ?????? ""?""",??????  ?????,02/01/2025 04:15 PM
24015,??????,?????,??????,"?? ???????????? ???? ""???"" ?? ?????? ""?????? ?????????""",?????? ????,02/01/2025 04:15 PM
24014,??????,?????,??????????,"??????????? c????? ?????? ? ???????? ""hipps"" ? ??????? ?????? ???????????",Vadym Prochnyi,02/01/2025 04:15 PM
24013,??????,?????,??????,???? ? ?? ???????????? ?? ????????? ???????,????? ???????,02/01/2025 04:15 PM
24012,??????,?????,??????,"???? ? ??????? ??????? ???????? ""???????? ?????????? ??? ???"" ???????????? ??? ?????? ??????",Marusia Yelizova,02/01/2025 04:14 PM
24011,??????,?????,??????????,"?????? ""??????"" ?? ???????? ??????? ? ?????? ?????? ?? ???????????? ","",02/01/2025 04:14 PM
24010,??????,?????,??????,"???????? ?????????? ?????? ? ????????? ""???????? ??????? ??? ???"" - ""?????? ????????? ????????? HiPP ? ??????? ? ???????""",Nadiia Panasiuk,02/01/2025 04:12 PM
24009,??????,?????,??????????,"?? ???????????? ?????? ? ??????? ""???????? ?????????? ??? ???""",Olha Yelizova,02/01/2025 04:08 PM
24008,??????,?????,??????????,"?????? ""???????? ?????????? ??? ???"" ???????? ???????????",Marusia Yelizova,02/01/2025 04:06 PM
24007,??????,?????,??????????,?????? ?????????? ????? ?? ?????????????? ? ??????? ?????,"",02/01/2025 04:01 PM
24006,??????,?????,??????,"?????? ""?????????? ?????"" ?? ?????????????? ? ???????? ????",????????? ??????????,02/01/2025 03:59 PM
24005,??????,?????,??????????,"????? ?????? ????????? ?"" ??????????? ??????""? ???????? ????",????? ??????,02/01/2025 03:58 PM
24004,??????,?????,??????????,"?????? ? ""??????????? ??????""",Lubov Berozkina,02/01/2025 03:57 PM
24003,??????,?????,??????????,"?? ????? ""??????? Rozetka"" ? ???????? ???? ??????? ?????? ?????????? ????? ",???????? ???????,02/01/2025 03:57 PM
24002,??????,?????,??????????,"?? ????? ??????? ?? ?????????? ""?????????? ?????"" ? ???????? ????.",Nadiia Panasiuk,02/01/2025 03:57 PM
24001,??????,?????,??????,?????? ??????????? ?????? ? ???????? Rozetka ?? ???????????? ? ??????? ????,Tatyana Kryachun,02/01/2025 03:56 PM
24000,??????,?????,??????????,"?????? "" ?????????? ?????"" ?? ???????????? ? ??????? ???? ",????????? ???????,02/01/2025 03:56 PM
23999,??????,?????,??????,"?? ????????????? ?????? ????? ?????? ""?????????? ?????"" ? ??????? ????",?????? ????,02/01/2025 03:56 PM
23998,??????,?????,??????,"??????????? ?????? ? ???? ? ????? ????? ?????? ? ???????? ""?????????? ?????""","",02/01/2025 03:56 PM
23997,??????,?????,??????????,"????  ????? ""?????????????? ?????"" ?? ???????????? ?? ????? ",Dariia Kyselova,02/01/2025 03:53 PM
23996,??????,?????,??????????,"?? ???  ?????? ????? ""?????????? ?????""",Olha Yelizova,02/01/2025 03:53 PM
23995,??????,?????,??????????,"?????? ""?????????? ?????"" ?? ?????????????? ? ???????? ????",???? ??????,02/01/2025 03:52 PM
23994,??????,?????,??????,"?? ???????????? ?????? ""????????? ?????"" ? ??????? ????",Svitlana Kovalova,02/01/2025 03:51 PM
23993,??????,?????,??????,"?? ????????????? ?????? ????? ""?????????? ?????""",?????? ????,02/01/2025 03:51 PM
23992,??????,?????,??????????,"?????? ""?????????? ?????"" ?? ?????? ??????? ",??????  ?????,02/01/2025 03:51 PM
23991,??????,?????,??????,"?????? ????? ""?????????? ?????"" ???????????",Marusia Yelizova,02/01/2025 03:50 PM
23990,??????,?????,??????,?????? *?????????? ?????* ?? ????????????,????? ???????,02/01/2025 03:50 PM
23989,??????,?????,??????,"?????? ? ""?????????? ?????"" ?? ???????????? ? ??????? ????",Uliana Shtefanovych,02/01/2025 03:50 PM
23988,??????,?????,??????????,"?????? ""??"" ?? ????????? ???? ""? ?????????""",Marusia Yelizova,02/01/2025 03:39 PM
23987,??????,?????,??????????,"?????? ""??"" ?? ????????? ???? ""? ?????????""",Redmine Admin,02/01/2025 03:38 PM
23986,??????,?????,??????????,??????? ????? ?? ????? qwertyshop.ua,????? ??????,02/01/2025 02:26 PM
23985,??????,?????,??????????,"?????? ""??????? Rozetka"" ?? ?????????????? ? ???????? ????.",Nadiia Panasiuk,02/01/2025 03:07 AM
23984,??????,?????,??????????,??????? ????? ?? ????? Querty shop,Telipko Anastasiia,01/31/2025 10:51 PM
23983,??????,?????,??????????,"?????? ""??????? Rozetka"" ?? ???????????? ? ??????? ????",Tatyana Kryachun,01/31/2025 10:35 PM
23982,??????,?????,??????????,?????? ???????? ??????? ?? ????????????? ??????? ????,"",01/31/2025 08:58 PM
23981,??????,?????,??????????,"?????? ""??????? Rozetka"" ?? ????????????? ? ??????? ????",Svitlana Kovalova,01/31/2025 08:48 PM
23980,??????,?????,??????????,?????? ???????? ??????? ?? ???????????? ? ??????? ????,"",01/31/2025 08:47 PM
23979,??????,?????,??????????,"?????? ??????? ""Rozetka"" ?? ?????????????? ? ??????? ????",Iryna Vasyliv,01/31/2025 08:46 PM
23978,??????,?????,??????????,?????? ''??????? Rozetka'' ?? ???????????? ? ??????? ????,????????? ???????,01/31/2025 08:45 PM
23976,??????,?????,??????????,"??????  ""??????? ???????""?? ???????????? ? ??????? ????",Olha Yelizova,01/31/2025 08:44 PM
23975,??????,?????,??????????,"?????? ""??????? ???????"" ?? ?????????????? ? ???????? ????",????????? ??????????,02/01/2025 11:52 AM
23973,??????,?????,??????????,"?????? "" ??????? Rozetka"" ?? ???????????? ? ??????? ????",Lubov Berozkina,01/31/2025 08:39 PM
23972,??????,?????,??????????,"?????? ""??????? Rozetka"" ?? ?????????????? ? ???????? ????",???????? ???????,01/31/2025 08:39 PM
23971,??????,?????,??????????,"??????""??????? ???????"" ?? ?????????????? ????",???? ??????,01/31/2025 08:39 PM
23969,??????,?????,??????????,"?????? ? ""??????? Rozetka"" ?? ???????????? ? ??????? ????",Uliana Shtefanovych,01/31/2025 08:37 PM
23968,??????,?????,??????????,?????? ??????? ??????? ?? ?????????????? ? ??????? ????,????? ??????,01/31/2025 08:37 PM
23967,??????,?????,???????,?????? ???????? Rozetka ?? ???????????? ? ??????? ????,?????? ??????,01/31/2025 08:36 PM
23966,??????,?????,??????????,"?????? ""??????? Rozetka"" ?? ????????????? ? ??????? ????",?????? ????,01/31/2025 08:36 PM
23965,??????,?????,??????????,"?????? ""??????? Rozetka"" ?? ???????????? ? ??????? ????",Vadym Prochnyi,01/31/2025 08:36 PM
23963,??????,?????,??????????,?????? ?? ????? ???????? Rozetka ?? ?????????????? ? ??????? ????,Iryna Vasyliv,01/31/2025 08:36 PM
23961,??????,?????,??????????,"?????? ""??????? ???????"" ?? ???????????? ? ??????? ????",Telipko Anastasiia,01/31/2025 08:36 PM
23960,??????,?????,??????????,"?????? ""??????? Rozetka"" ?? ???????????? ? ??????? ????",Marusia Yelizova,01/31/2025 08:35 PM
23959,??????,?????,??????,"?????? ""??????? Rozetka"" ?? ???????????? ? ??????? ????",????? ???????,01/31/2025 08:35 PM
